customer_id,customer_level,risk_segment,recency,frequency,monetary,rfm_score,churn_probability,lifetime_value
C0000,Cliente Activo,Bajo Riesgo,131,33,1374.272943,2,38.5,14197.5104
C0001,Cliente Inactivo,Alto Riesgo,73,20,548.277064,5,16.9,1333.585524
C0002,Cliente Ocasional,Riesgo Medio,136,16,83.52947883,5,48.1,7828.148603
C0003,Cliente Ocasional,Riesgo Medio,97,34,1437.652257,3,19.8,3499.322235
C0004,VIP Oro,Riesgo Medio,123,2,32700.26648,1,39.2,13274.54715
C0005,VIP Oro,Bajo Riesgo,70,35,4635.61959,1,29.3,2782.391808
C0006,VIP Platino,Bajo Riesgo,169,40,1766.73333,3,28.6,1456.857635
C0007,Cliente Inactivo,Bajo Riesgo,13,28,1318.870549,3,2.1,4032.806523
C0008,Cliente Ocasional,Riesgo Medio,49,47,1857.448538,3,40,1821.874378
C0009,Cliente Ocasional,Alto Riesgo,60,39,3486.114036,1,45.9,1504.002607
C0010,VIP Platino,Bajo Riesgo,130,6,438.3530437,5,19,7443.355342
C0011,Cliente Inactivo,Bajo Riesgo,5,9,6885.589536,3,31.3,22352.88275
C0012,Cliente Ocasional,Alto Riesgo,172,20,4266.10955,2,23.4,2273.082296
C0013,Cliente Activo,Bajo Riesgo,27,1,4280.49044,3,30.5,1020.231351
C0014,VIP Oro,Bajo Riesgo,160,8,3060.002116,4,5.3,2517.944102
C0015,VIP Oro,Riesgo Medio,149,23,1851.108614,3,38.1,5251.564719
C0016,Cliente Activo,Riesgo Medio,8,3,4053.89523,1,27.8,3956.94476
C0017,Cliente Activo,Riesgo Medio,50,4,3678.193304,3,33.7,11088.40076
C0018,Cliente Activo,Alto Riesgo,67,25,1182.222176,4,26.9,6195.6259
C0019,Cliente Activo,Riesgo Medio,44,47,908.3936978,2,27.8,885.5860109
C0020,Cliente Ocasional,Bajo Riesgo,125,38,2043.108199,5,35.3,1732.550387
C0021,VIP Oro,Alto Riesgo,58,15,11600.74016,3,41.7,652.6770661
C0022,Cliente Activo,Riesgo Medio,3,21,408.7368331,4,24.3,10500.17581
C0023,Cliente Activo,Riesgo Medio,86,35,310.7440805,4,11.7,333.2603473
C0024,Cliente Activo,Riesgo Medio,70,46,2203.303292,2,16.4,726.5697134
C0025,Cliente Ocasional,Bajo Riesgo,130,14,1921.891704,1,29.4,1697.678973
C0026,VIP Oro,Riesgo Medio,172,36,2226.107887,3,48.1,5543.099742
C0027,Cliente Activo,Riesgo Medio,2,12,2422.956669,4,24.3,1679.382163
C0028,Cliente Ocasional,Bajo Riesgo,102,17,1383.203264,2,27.6,1994.697413
C0029,VIP Platino,Riesgo Medio,35,39,10805.77645,5,75.7,2038.397705
C0030,Cliente Ocasional,Alto Riesgo,98,9,264.7842189,4,70.4,3604.941725
C0031,VIP Oro,Riesgo Medio,30,35,669.0130524,2,9.8,778.5531889
C0032,VIP Oro,Alto Riesgo,116,13,1597.338823,1,40.9,1051.639072
C0033,Cliente Inactivo,Alto Riesgo,8,15,251.683772,1,37.1,18939.71026
C0034,Cliente Inactivo,Riesgo Medio,150,18,1464.068839,4,3.8,4640.785905
C0035,Cliente Ocasional,Riesgo Medio,44,33,13276.67744,4,23.4,6883.347646
C0036,Cliente Activo,Bajo Riesgo,36,6,1853.931477,3,36.9,3177.44084
C0037,VIP Oro,Riesgo Medio,77,27,2384.729756,2,37.2,2554.70421
C0038,Cliente Ocasional,Riesgo Medio,31,23,398.537773,4,38.6,4928.766539
C0039,Cliente Activo,Riesgo Medio,47,27,862.9582484,3,37.7,6636.73266
C0040,VIP Oro,Alto Riesgo,55,34,1152.587096,3,21.8,7560.429216
C0041,Cliente Activo,Riesgo Medio,106,46,1234.895813,4,3.5,2593.55418
C0042,VIP Platino,Alto Riesgo,158,38,8416.69535,1,12.4,8526.329234
C0043,Cliente Inactivo,Bajo Riesgo,121,14,3530.621769,2,11.8,197.7812323
C0044,Cliente Activo,Alto Riesgo,55,36,476.3964814,2,10.3,7954.679976
C0045,Cliente Ocasional,Riesgo Medio,144,8,2430.386881,1,45.1,1863.857321
C0046,Cliente Activo,Alto Riesgo,12,35,3287.445499,4,16.6,5479.234558
C0047,Cliente Activo,Bajo Riesgo,145,19,7102.334744,2,19.3,1459.339918
C0048,Cliente Activo,Riesgo Medio,144,30,12047.93824,4,30,692.7270241
C0049,VIP Oro,Riesgo Medio,140,14,534.7968578,4,6.9,4331.522754
C0050,Cliente Inactivo,Alto Riesgo,136,20,683.3252722,3,39.3,571.5296851
C0051,Cliente Ocasional,Bajo Riesgo,3,49,399.7768711,1,42.6,1920.526851
C0052,Cliente Inactivo,Alto Riesgo,144,25,1365.363768,4,5.7,1219.659914
C0053,Cliente Inactivo,Bajo Riesgo,30,40,3164.11935,5,47.2,2458.887296
C0054,Cliente Ocasional,Alto Riesgo,23,24,5912.366303,1,10.4,7164.761347
C0055,Cliente Inactivo,Alto Riesgo,92,14,1650.541627,2,14.3,1739.182034
C0056,VIP Oro,Alto Riesgo,115,26,1231.739864,3,45.6,4213.442557
C0057,VIP Oro,Riesgo Medio,104,38,2169.191054,2,33.3,6722.938684
C0058,VIP Platino,Riesgo Medio,118,23,663.698857,2,45.7,1528.465308
C0059,Cliente Activo,Alto Riesgo,5,22,22191.09733,1,30.5,1553.04239
C0060,Cliente Activo,Bajo Riesgo,104,48,262.645908,2,13,13443.64513
C0061,Cliente Activo,Riesgo Medio,108,19,2256.767356,4,26.3,2731.681127
C0062,Cliente Ocasional,Riesgo Medio,65,46,20503.01983,2,20.7,5218.95606
C0063,Cliente Activo,Riesgo Medio,121,3,1822.856059,3,44.8,5175.634408
C0064,Cliente Activo,Riesgo Medio,30,42,1439.359005,3,48.9,798.083823
C0065,Cliente Activo,Riesgo Medio,149,19,1177.401879,5,21.4,1290.824624
C0066,VIP Oro,Alto Riesgo,84,9,1456.119037,3,17.9,4504.724887
C0067,Cliente Ocasional,Alto Riesgo,150,28,9390.165241,2,22.1,306.7256269
C0068,VIP Oro,Bajo Riesgo,32,20,127.2006431,3,45.9,2362.729084
C0069,Cliente Inactivo,Bajo Riesgo,161,45,11385.77948,1,42.4,1150.771355
C0070,Cliente Ocasional,Riesgo Medio,16,7,327.4225102,3,17.8,10112.79524
C0071,VIP Oro,Riesgo Medio,38,14,1312.930847,4,50.4,4362.179071
C0072,VIP Platino,Riesgo Medio,142,9,1080.205625,1,18.5,11052.04687
C0073,Cliente Ocasional,Riesgo Medio,36,19,3663.828521,5,23.7,2855.387681
C0074,Cliente Ocasional,Alto Riesgo,151,47,265.668895,4,12.3,2629.954667
C0075,Cliente Ocasional,Alto Riesgo,114,14,3148.2663,2,33.7,2131.492098
C0076,Cliente Ocasional,Bajo Riesgo,66,38,20520.33343,2,29.8,1714.066095
C0077,VIP Oro,Riesgo Medio,105,36,352.1971819,2,7.7,57132.1322
C0078,Cliente Activo,Alto Riesgo,85,40,2270.254914,4,27.1,7243.693211
C0079,VIP Oro,Alto Riesgo,2,17,816.9855325,4,16.6,922.5970738
C0080,Cliente Inactivo,Alto Riesgo,75,30,3014.124385,4,38.3,54352.16663
C0081,Cliente Ocasional,Riesgo Medio,67,9,1850.067369,1,28.2,1909.357489
C0082,Cliente Activo,Alto Riesgo,151,33,837.3278658,1,28,4244.024193
C0083,VIP Oro,Alto Riesgo,154,25,3246.870024,2,4,8379.613821
C0084,Cliente Activo,Bajo Riesgo,55,14,15759.80093,3,10.8,549.0835854
C0085,Cliente Activo,Alto Riesgo,6,11,1437.866145,2,48.3,1199.83643
C0086,Cliente Ocasional,Riesgo Medio,163,35,4288.573892,5,39,18269.37258
C0087,Cliente Ocasional,Alto Riesgo,150,41,383.014348,1,19.7,2327.822291
C0088,Cliente Inactivo,Alto Riesgo,171,14,573.7973859,4,11.1,8942.201838
C0089,Cliente Activo,Alto Riesgo,143,30,3187.166426,1,15.5,1810.185699
C0090,VIP Oro,Bajo Riesgo,86,41,10731.50658,4,13.8,2684.995777
C0091,Cliente Ocasional,Bajo Riesgo,60,4,2770.369596,5,28.5,21242.99669
C0092,Cliente Ocasional,Bajo Riesgo,101,4,1241.816323,5,15.1,4823.54043
C0093,Cliente Ocasional,Riesgo Medio,12,28,1806.505665,1,5.3,2039.923235
C0094,Cliente Ocasional,Riesgo Medio,49,8,403.2314518,4,29.4,1405.713375
C0095,Cliente Activo,Alto Riesgo,42,2,3734.683637,5,26.9,1554.543276
C0096,Cliente Activo,Riesgo Medio,166,41,5212.420816,2,16.8,11680.96688
C0097,Cliente Activo,Bajo Riesgo,82,46,1050.993935,2,3.4,6919.149521
C0098,VIP Platino,Alto Riesgo,173,22,1028.59536,4,39.6,842.5691236
C0099,VIP Oro,Alto Riesgo,35,41,2487.550762,1,16.1,3280.976638
C0100,VIP Platino,Alto Riesgo,158,16,1070.559103,5,42.5,2769.721025
C0101,Cliente Ocasional,Alto Riesgo,158,29,1670.103471,1,13.5,4220.471145
C0102,Cliente Activo,Alto Riesgo,134,49,22463.92902,2,1,1534.671712
C0103,Cliente Activo,Riesgo Medio,67,48,1344.219947,5,44.8,9972.495902
C0104,Cliente Inactivo,Riesgo Medio,80,30,1176.138411,1,15.4,2976.569658
C0105,Cliente Activo,Bajo Riesgo,7,12,831.2659945,3,6,4495.266213
C0106,Cliente Activo,Bajo Riesgo,14,35,4416.180079,4,31,1257.449514
C0107,Cliente Ocasional,Riesgo Medio,73,11,1454.665116,4,38.3,1329.097672
C0108,Cliente Activo,Riesgo Medio,143,46,829.4413103,3,13.2,55451.39888
C0109,VIP Oro,Riesgo Medio,149,21,8826.95016,2,42.1,21592.21145
C0110,Cliente Activo,Riesgo Medio,163,21,9932.064149,5,59,2761.006927
C0111,VIP Oro,Riesgo Medio,66,5,879.6215174,4,44.7,16095.65028
C0112,Cliente Inactivo,Riesgo Medio,91,48,192.5107619,3,39.4,11316.43379
C0113,Cliente Ocasional,Riesgo Medio,130,20,6057.281783,3,32.1,1498.571902
C0114,Cliente Ocasional,Riesgo Medio,163,37,795.0811692,2,34.1,1342.8822
C0115,Cliente Inactivo,Riesgo Medio,20,3,4669.235903,2,37.4,6220.118817
C0116,Cliente Ocasional,Riesgo Medio,10,44,170.0130874,1,5.5,3968.195363
C0117,VIP Oro,Bajo Riesgo,25,33,5277.019908,4,21.5,1915.616768
C0118,Cliente Inactivo,Bajo Riesgo,25,9,422.6708251,1,72.3,6590.267366
C0119,Cliente Activo,Alto Riesgo,54,9,4345.590548,3,21.8,609.8840041
C0120,Cliente Ocasional,Bajo Riesgo,33,4,1839.276711,5,7.8,3382.944221
C0121,Cliente Inactivo,Riesgo Medio,164,35,575.5192615,5,34.9,762.9435018
C0122,Cliente Activo,Bajo Riesgo,95,17,1109.379828,2,6.7,791.0882444
C0123,VIP Oro,Bajo Riesgo,14,34,4119.89167,5,24.5,1369.990016
C0124,Cliente Activo,Riesgo Medio,65,24,2053.032698,5,27.3,4445.35942
C0125,Cliente Activo,Alto Riesgo,110,32,3645.670494,5,40.7,1418.335515
C0126,Cliente Ocasional,Riesgo Medio,80,1,19374.80329,3,17.4,780.6137984
C0127,Cliente Inactivo,Riesgo Medio,54,8,276.6934089,5,2.5,5039.056408
C0128,VIP Platino,Riesgo Medio,125,45,12589.96176,5,27.4,15398.44407
C0129,Cliente Activo,Riesgo Medio,131,23,2049.245847,5,35.1,6019.355529
C0130,Cliente Activo,Alto Riesgo,169,47,614.8996858,1,38.6,21633.07337
C0131,Cliente Activo,Bajo Riesgo,134,40,366.3626351,3,4.2,14046.0463
C0132,VIP Oro,Bajo Riesgo,25,12,1440.94659,2,32.9,1743.812289
C0133,Cliente Activo,Riesgo Medio,141,12,5464.238963,1,22.3,5975.21764
C0134,Cliente Inactivo,Alto Riesgo,117,46,1551.443482,4,21.2,2695.141879
C0135,Cliente Activo,Riesgo Medio,136,47,11085.41896,3,5.2,9588.404275
C0136,Cliente Activo,Alto Riesgo,149,15,316.9009207,3,8.6,2694.60603
C0137,Cliente Ocasional,Bajo Riesgo,25,41,1782.002948,4,19.6,1251.920235
C0138,Cliente Activo,Alto Riesgo,79,19,402.2717546,4,1.5,13504.07184
C0139,Cliente Inactivo,Riesgo Medio,68,26,2797.155422,4,51.3,4228.383746
C0140,Cliente Inactivo,Riesgo Medio,173,29,5240.985688,2,1,1436.719059
C0141,Cliente Activo,Riesgo Medio,12,22,1091.257356,5,14.8,1722.274483
C0142,Cliente Activo,Riesgo Medio,32,40,79.43534116,3,31.9,1426.654242
C0143,Cliente Activo,Bajo Riesgo,128,21,2295.573027,5,33.7,990.3692209
C0144,Cliente Activo,Alto Riesgo,96,38,3053.629805,5,20.9,1762.931141
C0145,VIP Platino,Alto Riesgo,92,20,2937.028709,4,4.6,4493.21309
C0146,Cliente Ocasional,Alto Riesgo,141,29,7966.006902,2,7.6,3198.594384
C0147,Cliente Activo,Bajo Riesgo,31,4,500.0637471,1,60.8,1840.810734
C0148,VIP Platino,Bajo Riesgo,78,7,4089.83263,2,32,15445.27199
C0149,Cliente Activo,Riesgo Medio,20,28,7562.892599,5,52.2,326.4586122
C0150,Cliente Inactivo,Riesgo Medio,146,28,213.9398497,2,30.6,4174.498485
C0151,Cliente Activo,Riesgo Medio,60,4,2653.3604,4,53.5,2547.747259
C0152,VIP Oro,Alto Riesgo,134,22,987.3101279,1,44.7,1025.361638
C0153,Cliente Activo,Bajo Riesgo,160,12,1639.542949,4,15.9,4451.069932
C0154,Cliente Inactivo,Riesgo Medio,93,45,2744.10919,1,32,2340.867735
C0155,Cliente Activo,Riesgo Medio,43,3,1007.599172,5,11.8,11752.02462
C0156,Cliente Ocasional,Riesgo Medio,130,22,803.6391138,1,9.2,7745.53453
C0157,Cliente Ocasional,Alto Riesgo,60,44,1883.680587,1,13.5,24263.87287
C0158,Cliente Activo,Alto Riesgo,151,2,490.4409446,1,43.8,1751.714456
C0159,Cliente Ocasional,Bajo Riesgo,31,24,491.2778459,2,16.8,13852.34676
C0160,Cliente Activo,Alto Riesgo,5,34,4085.698318,2,27.3,826.7974596
C0161,Cliente Ocasional,Riesgo Medio,162,27,455.523432,5,16.7,2639.381401
C0162,Cliente Ocasional,Alto Riesgo,10,41,4022.162616,1,15.4,1786.883361
C0163,Cliente Activo,Riesgo Medio,89,1,3149.848235,3,50.3,5783.069952
C0164,VIP Oro,Riesgo Medio,130,8,227.9284868,5,43.5,5631.343799
C0165,Cliente Ocasional,Riesgo Medio,126,23,801.850689,1,50,1106.899837
C0166,Cliente Activo,Bajo Riesgo,11,38,7577.444493,1,58.1,6148.794906
C0167,VIP Oro,Riesgo Medio,178,6,557.0201207,2,22.3,1961.494593
C0168,VIP Platino,Riesgo Medio,159,22,1035.577877,5,15,1213.81419
C0169,Cliente Ocasional,Riesgo Medio,56,25,3147.844059,1,37,2942.575513
C0170,Cliente Ocasional,Riesgo Medio,83,18,4628.872566,1,17,587.2622143
C0171,VIP Platino,Bajo Riesgo,137,17,1336.959569,5,25.6,8303.538141
C0172,Cliente Activo,Bajo Riesgo,99,12,882.7020958,3,19.5,2804.041669
C0173,Cliente Activo,Alto Riesgo,149,6,9965.095678,5,9.4,2872.332843
C0174,Cliente Ocasional,Alto Riesgo,73,26,14569.4128,5,45.9,2708.409145
C0175,VIP Oro,Riesgo Medio,156,27,5852.531964,3,26.3,18242.97029
C0176,Cliente Ocasional,Riesgo Medio,115,8,2002.960813,5,46.3,15847.47495
C0177,Cliente Activo,Alto Riesgo,7,19,685.4538229,1,31.8,13171.8493
C0178,Cliente Inactivo,Riesgo Medio,80,42,667.4514891,5,46,2714.747405
C0179,VIP Oro,Riesgo Medio,144,1,3384.687718,3,16.7,873.7659921
C0180,Cliente Activo,Riesgo Medio,97,29,2987.158455,4,59.2,2929.018353
C0181,VIP Oro,Bajo Riesgo,4,45,9719.780467,5,48.6,4212.621693
C0182,Cliente Inactivo,Alto Riesgo,4,49,3946.32526,2,7.6,7287.17574
C0183,Cliente Inactivo,Alto Riesgo,103,35,297.764718,1,28.3,4197.737695
C0184,Cliente Activo,Bajo Riesgo,40,40,6389.026199,1,11.2,963.7734881
C0185,Cliente Ocasional,Riesgo Medio,17,14,545.8407395,2,66.7,1654.150698
C0186,Cliente Ocasional,Riesgo Medio,101,35,1140.514179,2,55.3,1497.047053
C0187,Cliente Activo,Riesgo Medio,103,48,2441.188397,5,67.5,5393.546123
C0188,Cliente Activo,Alto Riesgo,124,45,19827.02109,2,28.5,5541.149219
C0189,Cliente Activo,Bajo Riesgo,52,20,75501.08207,4,27.8,6400.267574
C0190,VIP Oro,Bajo Riesgo,52,49,3744.590975,3,34.6,4151.14484
C0191,Cliente Inactivo,Riesgo Medio,164,13,1451.22609,2,49.9,309.4759983
C0192,Cliente Inactivo,Riesgo Medio,124,38,3433.744989,2,11.6,446.5513297
C0193,Cliente Ocasional,Riesgo Medio,166,49,5245.818233,4,25.7,2554.964493
C0194,Cliente Activo,Riesgo Medio,178,46,1230.528277,1,44.2,3320.550006
C0195,Cliente Activo,Alto Riesgo,63,49,15587.95262,1,57.2,11837.55218
C0196,Cliente Ocasional,Bajo Riesgo,116,8,2382.927162,5,34.5,3247.285394
C0197,Cliente Inactivo,Alto Riesgo,62,43,3285.557761,4,54.2,1018.876406
C0198,Cliente Inactivo,Bajo Riesgo,7,20,4020.289132,3,64.2,6175.723302
C0199,Cliente Ocasional,Riesgo Medio,155,33,2998.609418,3,21.5,2924.922132
C0200,Cliente Ocasional,Alto Riesgo,92,26,4947.949862,4,34.1,1915.511056
C0201,VIP Oro,Riesgo Medio,14,39,862.0352612,3,32.1,504.6881184
C0202,VIP Oro,Bajo Riesgo,86,21,925.2258735,1,28.9,3273.796858
C0203,Cliente Inactivo,Bajo Riesgo,133,49,482.9025727,3,29.5,3834.137177
C0204,Cliente Ocasional,Bajo Riesgo,130,42,3063.770043,3,29.8,996.4899611
C0205,VIP Platino,Riesgo Medio,62,43,4604.198135,4,5,6760.104091
C0206,VIP Oro,Riesgo Medio,149,41,3131.688013,4,26.2,6125.872526
C0207,Cliente Ocasional,Bajo Riesgo,79,9,13485.7779,3,38.7,3145.738128
C0208,VIP Platino,Alto Riesgo,149,24,1795.941682,2,38.1,3019.646781
C0209,VIP Oro,Riesgo Medio,138,37,4033.904267,4,12.3,8439.18924
C0210,Cliente Activo,Alto Riesgo,58,49,487.8260799,5,47.8,4466.156193
C0211,Cliente Ocasional,Bajo Riesgo,120,41,1136.240582,5,36.9,1376.802425
C0212,Cliente Ocasional,Bajo Riesgo,167,17,4165.72375,1,33.8,2398.471379
C0213,Cliente Activo,Alto Riesgo,133,24,5008.654188,3,17,5500.170343
C0214,Cliente Ocasional,Bajo Riesgo,65,21,1270.593843,2,34,318.7627142
C0215,Cliente Activo,Bajo Riesgo,13,39,1659.183508,1,21.3,1069.900943
C0216,Cliente Activo,Alto Riesgo,82,41,292.525401,3,52.8,6312.906282
C0217,Cliente Ocasional,Riesgo Medio,173,39,1177.990099,4,9.1,11268.48719
C0218,Cliente Ocasional,Bajo Riesgo,160,13,5263.017425,5,32.6,9165.059151
C0219,Cliente Inactivo,Alto Riesgo,164,11,3605.609187,2,17.2,7963.490147
C0220,Cliente Ocasional,Riesgo Medio,139,46,3297.100964,5,22.1,3438.2512
C0221,Cliente Ocasional,Riesgo Medio,149,19,1919.324201,4,22,961.2228244
C0222,VIP Oro,Bajo Riesgo,52,11,1823.432131,3,16,2401.176914
C0223,Cliente Activo,Bajo Riesgo,117,13,818.6156097,4,5.1,332.7541884
C0224,Cliente Activo,Bajo Riesgo,26,46,4182.205861,4,38.7,12465.51979
C0225,Cliente Activo,Riesgo Medio,34,45,2996.402056,5,15.2,1213.393086
C0226,Cliente Inactivo,Bajo Riesgo,52,1,3263.066308,2,37.8,1657.920962
C0227,Cliente Activo,Bajo Riesgo,112,40,961.7535077,4,28.6,9551.762371
C0228,Cliente Inactivo,Riesgo Medio,82,44,136.4541275,5,16,504.6728246
C0229,Cliente Ocasional,Bajo Riesgo,157,19,6745.178647,2,9.3,805.6562104
C0230,Cliente Ocasional,Alto Riesgo,166,12,1017.796273,3,37.6,4002.876386
C0231,Cliente Activo,Riesgo Medio,42,8,642.0518625,3,24.2,5283.893216
C0232,Cliente Ocasional,Alto Riesgo,21,8,4155.444555,1,22.1,2754.879895
C0233,Cliente Activo,Alto Riesgo,42,45,1129.561555,5,17.7,2855.518097
C0234,VIP Oro,Alto Riesgo,141,12,6450.569244,2,31.9,12030.68501
C0235,Cliente Ocasional,Riesgo Medio,113,48,3791.083494,4,47.6,6002.613817
C0236,Cliente Activo,Riesgo Medio,105,33,4106.322704,3,1,5173.407948
C0237,VIP Platino,Bajo Riesgo,17,45,351.0234908,2,11.9,6996.82072
C0238,Cliente Ocasional,Alto Riesgo,120,26,7741.360935,5,24,2141.690389
C0239,VIP Oro,Riesgo Medio,137,39,2473.775085,1,23.3,32548.35897
C0240,Cliente Inactivo,Riesgo Medio,169,28,1160.803171,3,40.5,235.5010401
C0241,Cliente Inactivo,Bajo Riesgo,129,5,2147.513974,2,24.6,14819.70698
C0242,Cliente Inactivo,Riesgo Medio,130,8,214.5446168,2,52.9,8041.076696
C0243,Cliente Activo,Riesgo Medio,60,25,2952.428626,2,44.3,3917.140008
C0244,VIP Platino,Bajo Riesgo,48,27,525.7123448,5,25.7,3255.274404
C0245,Cliente Inactivo,Riesgo Medio,29,46,356.6645332,5,22.3,2512.1428
C0246,Cliente Activo,Alto Riesgo,97,23,290.9551049,5,50.8,10034.53525
C0247,Cliente Inactivo,Alto Riesgo,10,30,6872.10711,4,22.5,2853.064842
C0248,Cliente Inactivo,Bajo Riesgo,58,45,849.7004942,2,23.7,1338.529345
C0249,Cliente Inactivo,Alto Riesgo,21,47,11389.79721,3,3.9,8039.974366
C0250,Cliente Activo,Bajo Riesgo,28,23,950.5476045,5,2.9,17038.70598
C0251,Cliente Activo,Riesgo Medio,34,49,233.0307574,5,55.9,357.8500216
C0252,Cliente Inactivo,Bajo Riesgo,8,47,473.5088827,2,23.4,39846.9448
C0253,Cliente Activo,Bajo Riesgo,177,20,7966.288217,5,32.8,952.9815778
C0254,VIP Oro,Bajo Riesgo,79,18,1499.552766,4,10.3,1036.56941
C0255,Cliente Activo,Riesgo Medio,145,18,936.4117131,4,46.6,757.952947
C0256,Cliente Inactivo,Bajo Riesgo,87,2,2190.799602,5,19.2,2983.743376
C0257,Cliente Ocasional,Riesgo Medio,88,4,3301.52342,2,37.5,729.4639042
C0258,Cliente Ocasional,Riesgo Medio,173,30,6911.061888,2,24.5,833.7336024
C0259,VIP Oro,Riesgo Medio,69,33,10282.50386,2,23.2,1397.71627
C0260,Cliente Ocasional,Bajo Riesgo,160,36,1174.12401,1,35.6,3471.358319
C0261,Cliente Inactivo,Bajo Riesgo,172,18,368.2429007,5,29.9,3859.67769
C0262,VIP Oro,Bajo Riesgo,87,37,1100.854314,2,38.2,11676.3068
C0263,Cliente Activo,Riesgo Medio,101,19,2470.897213,4,10.8,11383.99443
C0264,Cliente Inactivo,Riesgo Medio,8,47,568.7774817,3,21.1,9201.045938
C0265,Cliente Ocasional,Bajo Riesgo,77,28,573.3055967,3,56.2,2235.502048
C0266,Cliente Ocasional,Alto Riesgo,87,40,2731.334121,2,9,393.3500958
C0267,Cliente Ocasional,Alto Riesgo,43,20,1705.506099,3,24.5,383.8892739
C0268,Cliente Activo,Riesgo Medio,129,49,1880.619259,3,16.6,9131.660808
C0269,Cliente Activo,Riesgo Medio,109,33,727.6394019,1,22.4,7541.14962
C0270,Cliente Ocasional,Riesgo Medio,179,12,1371.306403,4,24.2,1512.660184
C0271,Cliente Ocasional,Alto Riesgo,152,15,596.4051553,4,19.6,611.0569261
C0272,Cliente Inactivo,Alto Riesgo,152,41,5261.850728,1,39.3,942.1211489
C0273,Cliente Inactivo,Alto Riesgo,17,39,6262.277411,1,19.5,3612.530345
C0274,Cliente Activo,Bajo Riesgo,133,2,197.27024,3,13.9,3619.955818
C0275,Cliente Activo,Riesgo Medio,148,29,592.6399027,5,34.6,9384.215929
C0276,Cliente Ocasional,Riesgo Medio,21,41,300.1147477,3,2.8,1816.396908
C0277,Cliente Ocasional,Riesgo Medio,58,10,828.7937071,1,3.6,2279.155751
C0278,Cliente Ocasional,Alto Riesgo,159,2,1635.779023,4,18.2,10278.95044
C0279,Cliente Ocasional,Bajo Riesgo,110,11,317.4834644,3,41,287.8373629
C0280,Cliente Inactivo,Bajo Riesgo,139,13,598.1061367,5,41.8,4226.790519
C0281,Cliente Activo,Alto Riesgo,143,10,541.9919525,3,19.8,2063.891059
C0282,Cliente Activo,Riesgo Medio,135,14,2318.604547,2,7.7,6529.174233
C0283,VIP Oro,Bajo Riesgo,28,18,1964.932563,3,33.3,5238.902261
C0284,Cliente Ocasional,Bajo Riesgo,51,9,760.4534773,1,7.6,1385.836755
C0285,VIP Platino,Riesgo Medio,5,39,2235.421426,4,35.3,1706.042531
C0286,Cliente Activo,Riesgo Medio,5,28,938.2194703,4,4.4,236.9447595
C0287,Cliente Activo,Alto Riesgo,94,3,1305.072492,1,36.7,6802.12708
C0288,Cliente Activo,Bajo Riesgo,96,20,13468.9526,2,23,3880.623836
C0289,Cliente Ocasional,Alto Riesgo,8,6,9032.218183,1,43.3,13882.21205
C0290,VIP Platino,Bajo Riesgo,64,27,380.1259008,3,18.2,1921.112953
C0291,VIP Platino,Riesgo Medio,138,2,4893.577458,1,21.6,8149.967002
C0292,Cliente Ocasional,Riesgo Medio,38,29,4787.079829,1,21.5,918.8118334
C0293,Cliente Activo,Riesgo Medio,111,38,455.8136453,2,39.9,152.1293616
C0294,VIP Oro,Alto Riesgo,112,3,4829.668798,3,15.6,2686.60788
C0295,Cliente Activo,Alto Riesgo,81,16,11447.4045,5,49.5,1598.226841
C0296,Cliente Ocasional,Alto Riesgo,136,30,470.1003735,5,10.3,938.325057
C0297,Cliente Activo,Alto Riesgo,104,40,601.2414583,4,63.6,8005.754966
C0298,Cliente Ocasional,Bajo Riesgo,153,2,6131.494255,1,33,11260.66931
C0299,VIP Oro,Riesgo Medio,73,17,2504.374729,4,19.4,3347.481019
C0300,VIP Platino,Alto Riesgo,178,41,3504.38924,2,12.8,2438.721056
C0301,Cliente Activo,Bajo Riesgo,49,12,2720.870268,5,35.4,3193.839929
C0302,Cliente Activo,Bajo Riesgo,36,35,2889.489451,1,7.3,1453.574729
C0303,Cliente Ocasional,Bajo Riesgo,126,43,368.0553911,2,58.8,5535.048144
C0304,Cliente Ocasional,Bajo Riesgo,68,1,6353.627877,2,17.4,548.2277568
C0305,Cliente Inactivo,Alto Riesgo,78,45,7357.739202,1,14.8,915.6315619
C0306,Cliente Activo,Riesgo Medio,105,15,1372.969384,2,36.7,1248.393412
C0307,Cliente Activo,Bajo Riesgo,169,26,1716.131073,1,53,5407.223231
C0308,Cliente Ocasional,Riesgo Medio,122,37,287.9166409,1,29,2137.219913
C0309,Cliente Activo,Alto Riesgo,119,21,3351.307031,3,7.2,13312.11011
C0310,Cliente Activo,Bajo Riesgo,114,49,3592.016166,4,37.1,7213.003603
C0311,VIP Oro,Alto Riesgo,10,31,1678.021634,2,62.1,1234.964504
C0312,VIP Platino,Alto Riesgo,149,25,6968.979166,2,24.5,5983.807616
C0313,Cliente Inactivo,Riesgo Medio,164,23,1210.885662,3,28.7,1902.591663
C0314,Cliente Ocasional,Riesgo Medio,140,24,3560.040183,3,13.5,5016.554109
C0315,Cliente Ocasional,Riesgo Medio,91,38,531.8719653,3,18.8,7607.952646
C0316,Cliente Activo,Alto Riesgo,2,28,1757.657822,5,43.1,10159.71899
C0317,VIP Oro,Bajo Riesgo,118,21,1466.706794,5,23.3,3722.771612
C0318,VIP Oro,Riesgo Medio,13,43,2369.346615,5,28.5,17328.98921
C0319,Cliente Activo,Alto Riesgo,160,18,1160.455275,1,11.7,4843.75629
C0320,Cliente Activo,Bajo Riesgo,95,36,1544.156191,2,31.1,3458.386312
C0321,Cliente Ocasional,Bajo Riesgo,144,35,4871.984392,4,42.5,2137.162243
C0322,Cliente Ocasional,Bajo Riesgo,32,45,1070.501935,1,33.5,1488.553434
C0323,Cliente Activo,Bajo Riesgo,32,9,262.9877568,2,29.6,4730.906436
C0324,Cliente Inactivo,Riesgo Medio,124,38,14757.41113,2,15.2,3330.352392
C0325,Cliente Ocasional,Riesgo Medio,11,30,9487.637311,3,28.8,3971.535841
C0326,Cliente Activo,Alto Riesgo,10,44,383.4789637,3,30,5058.475389
C0327,Cliente Ocasional,Riesgo Medio,15,34,4136.68229,1,7.9,3953.124769
C0328,Cliente Activo,Riesgo Medio,17,32,988.7388828,3,13.1,27299.53499
C0329,Cliente Activo,Riesgo Medio,168,3,2480.423668,2,35.9,1667.763235
C0330,Cliente Activo,Bajo Riesgo,146,3,2573.620535,3,31.6,4795.928839
C0331,Cliente Ocasional,Riesgo Medio,153,28,1364.728299,5,14.8,2320.498849
C0332,VIP Platino,Alto Riesgo,59,44,705.9053768,3,41.7,198.8161792
C0333,VIP Oro,Alto Riesgo,78,15,789.4612393,2,42.5,2409.512912
C0334,VIP Platino,Riesgo Medio,124,41,602.1880075,1,22.5,1064.066575
C0335,VIP Platino,Alto Riesgo,114,23,666.3488619,4,38,2769.702784
C0336,Cliente Inactivo,Bajo Riesgo,22,40,1668.009122,3,11.5,2895.62781
C0337,Cliente Ocasional,Riesgo Medio,158,11,765.9278794,2,25.9,4554.603127
C0338,Cliente Activo,Riesgo Medio,172,48,4098.853088,4,22.2,1663.705607
C0339,VIP Oro,Riesgo Medio,32,32,10771.89155,4,38.4,1909.120212
C0340,Cliente Activo,Bajo Riesgo,179,36,901.388282,5,45.9,6443.086781
C0341,Cliente Activo,Riesgo Medio,174,33,2409.767143,4,15.3,1224.191148
C0342,VIP Oro,Riesgo Medio,113,24,3293.223438,2,10.6,394.5325752
C0343,Cliente Activo,Riesgo Medio,120,39,3185.621636,2,29.4,3543.019089
C0344,Cliente Activo,Riesgo Medio,149,34,1980.582597,3,16.9,9681.127225
C0345,Cliente Ocasional,Bajo Riesgo,122,28,4408.18757,3,15.4,6362.002869
C0346,Cliente Ocasional,Bajo Riesgo,32,37,3225.033908,3,41.2,3615.670574
C0347,VIP Platino,Riesgo Medio,119,7,409.4460273,4,24.5,11798.28992
C0348,Cliente Activo,Bajo Riesgo,39,4,5130.648161,4,36.1,9800.796757
C0349,Cliente Ocasional,Bajo Riesgo,12,37,5243.523656,5,41.8,2071.429069
C0350,Cliente Activo,Bajo Riesgo,175,1,723.46826,3,40.3,3913.838563
C0351,Cliente Inactivo,Bajo Riesgo,18,1,1892.256673,1,19.1,4103.133565
C0352,Cliente Ocasional,Riesgo Medio,149,47,4105.138626,5,25.5,2709.648792
C0353,VIP Oro,Riesgo Medio,141,20,1406.44907,1,33.6,10380.37546
C0354,VIP Oro,Riesgo Medio,149,19,6552.314712,4,43.6,2521.591486
C0355,Cliente Ocasional,Bajo Riesgo,126,29,30842.44157,5,26.1,1719.335607
C0356,VIP Platino,Alto Riesgo,136,10,704.0270374,5,26,172.3116261
C0357,Cliente Ocasional,Bajo Riesgo,46,18,344.7248202,2,15,1238.759469
C0358,Cliente Inactivo,Bajo Riesgo,104,28,2603.422787,4,10.9,701.3733211
C0359,Cliente Ocasional,Alto Riesgo,135,35,4297.870757,4,38.9,2851.396729
C0360,Cliente Activo,Bajo Riesgo,151,43,1370.540342,5,39.5,750.6517465
C0361,Cliente Ocasional,Alto Riesgo,86,47,10341.42338,4,27.2,5822.89719
C0362,Cliente Activo,Riesgo Medio,150,31,362.7351814,5,30.1,10089.81087
C0363,Cliente Activo,Bajo Riesgo,89,27,4152.651595,2,24.5,2880.524186
C0364,Cliente Inactivo,Alto Riesgo,22,11,873.9009285,5,48,1009.873659
C0365,Cliente Activo,Bajo Riesgo,92,49,14232.07483,4,32,4084.850518
C0366,Cliente Inactivo,Bajo Riesgo,29,49,19752.16577,4,45,23928.42984
C0367,Cliente Inactivo,Riesgo Medio,13,38,720.548044,5,11.7,16995.92167
C0368,VIP Oro,Alto Riesgo,2,5,934.9858887,5,42.3,634.8021893
C0369,VIP Oro,Riesgo Medio,29,8,5072.07592,5,14.6,609.4157152
C0370,VIP Oro,Riesgo Medio,27,34,1136.198387,3,19.8,459.6704944
C0371,VIP Platino,Bajo Riesgo,50,48,1712.152344,4,32.8,853.4804198
C0372,VIP Oro,Riesgo Medio,95,12,1863.974108,4,48.9,3931.403303
C0373,Cliente Ocasional,Riesgo Medio,151,38,180.6194285,3,27.2,1615.88213
C0374,VIP Oro,Riesgo Medio,88,1,1778.267233,5,18.7,1184.958415
C0375,Cliente Activo,Riesgo Medio,44,31,790.2320774,2,20.1,9348.963348
C0376,Cliente Inactivo,Bajo Riesgo,22,4,1000.497458,5,5.1,5340.648844
C0377,VIP Platino,Alto Riesgo,171,49,10222.62218,5,22.2,457.0656844
C0378,Cliente Ocasional,Bajo Riesgo,165,45,400.2909777,3,10.5,8777.063186
C0379,Cliente Activo,Riesgo Medio,97,5,4797.480792,4,24.8,5201.16644
C0380,VIP Oro,Bajo Riesgo,3,30,1293.677845,5,22.1,5329.909746
C0381,Cliente Ocasional,Riesgo Medio,118,24,1292.440794,4,9.2,1591.573731
C0382,Cliente Ocasional,Riesgo Medio,19,3,4667.814599,1,19.5,2425.918276
C0383,Cliente Inactivo,Bajo Riesgo,23,11,2719.114496,4,17,340.3608298
C0384,Cliente Ocasional,Alto Riesgo,157,45,3585.795398,2,47.5,7736.350469
C0385,Cliente Ocasional,Bajo Riesgo,30,4,5778.050336,2,15.9,993.4465765
C0386,Cliente Activo,Riesgo Medio,39,26,1214.915663,5,32.9,1144.025047
C0387,VIP Oro,Alto Riesgo,108,27,867.2401418,4,35.5,1127.14659
C0388,Cliente Ocasional,Riesgo Medio,111,46,491.6757075,5,19,21599.84091
C0389,Cliente Ocasional,Bajo Riesgo,25,43,671.4955332,3,16.3,1428.564723
C0390,Cliente Inactivo,Alto Riesgo,128,27,62249.96863,2,28.7,8404.195302
C0391,Cliente Activo,Riesgo Medio,111,42,8051.514561,5,10.7,2903.315633
C0392,Cliente Activo,Riesgo Medio,136,6,357.3482372,3,9.7,1197.485613
C0393,Cliente Ocasional,Riesgo Medio,106,15,369.832593,5,12.6,980.9877197
C0394,Cliente Activo,Alto Riesgo,144,30,3223.552445,4,31.5,1492.575311
C0395,Cliente Inactivo,Bajo Riesgo,72,42,3486.723527,4,48.1,2746.526915
C0396,Cliente Inactivo,Bajo Riesgo,129,37,3493.504277,4,6.3,5778.565902
C0397,Cliente Activo,Bajo Riesgo,108,37,1331.488872,4,21.2,1775.627486
C0398,Cliente Ocasional,Bajo Riesgo,5,42,1555.348458,1,5.4,1704.022794
C0399,Cliente Ocasional,Alto Riesgo,3,37,2679.687411,3,17.8,1130.855088
C0400,VIP Oro,Bajo Riesgo,132,35,2004.343005,3,26.2,801.5550428
C0401,Cliente Inactivo,Alto Riesgo,104,23,126.070283,4,11.4,731.0924178
C0402,Cliente Activo,Alto Riesgo,64,6,1372.295883,1,23.9,8838.140738
C0403,Cliente Ocasional,Riesgo Medio,106,4,650.8715292,4,5.4,1666.160251
C0404,Cliente Activo,Riesgo Medio,98,18,2231.108225,1,4.3,1836.646274
C0405,Cliente Inactivo,Bajo Riesgo,10,9,65010.93745,4,25.4,1431.855105
C0406,Cliente Activo,Riesgo Medio,149,49,2810.107446,2,26.4,2103.710735
C0407,VIP Platino,Riesgo Medio,128,29,1241.11367,2,23.6,4483.600079
C0408,Cliente Inactivo,Riesgo Medio,46,13,5465.231731,5,56.7,1744.862608
C0409,VIP Oro,Bajo Riesgo,155,47,3226.73305,4,37.7,3636.63425
C0410,Cliente Activo,Riesgo Medio,66,17,2993.245079,3,6.7,14186.2624
C0411,Cliente Inactivo,Riesgo Medio,169,45,3745.164094,5,26.9,1209.992672
C0412,Cliente Inactivo,Alto Riesgo,112,32,21329.62601,2,20.9,1838.278662
C0413,Cliente Ocasional,Bajo Riesgo,13,48,465.4170464,4,19.5,6034.00529
C0414,Cliente Ocasional,Riesgo Medio,137,22,3191.858066,5,19.6,15475.69154
C0415,Cliente Activo,Alto Riesgo,164,4,594.8698511,4,19.9,760.1066059
C0416,Cliente Activo,Alto Riesgo,86,5,3521.404433,2,1.3,459.0300024
C0417,Cliente Activo,Riesgo Medio,90,37,600.388044,5,28.4,2978.970393
C0418,Cliente Ocasional,Riesgo Medio,58,41,1095.71218,2,31.4,2659.07983
C0419,Cliente Ocasional,Riesgo Medio,54,49,1268.882794,1,49.7,6439.37153
C0420,Cliente Ocasional,Bajo Riesgo,12,13,5831.211506,2,61.6,5444.255969
C0421,Cliente Ocasional,Alto Riesgo,14,34,5443.324817,4,25.9,2871.645391
C0422,VIP Oro,Riesgo Medio,121,45,405.5074105,3,28.4,9453.462341
C0423,Cliente Activo,Bajo Riesgo,162,22,1931.246509,2,43.1,1409.345343
C0424,VIP Platino,Riesgo Medio,121,23,771.629239,3,37.5,3762.123627
C0425,Cliente Activo,Riesgo Medio,20,3,399.3323818,1,23.3,782.6785289
C0426,Cliente Activo,Riesgo Medio,75,42,1393.507933,5,41.6,2845.969029
C0427,Cliente Inactivo,Riesgo Medio,144,34,1248.653006,5,67.8,597.500546
C0428,Cliente Activo,Bajo Riesgo,70,32,33258.30481,3,46.9,873.5558785
C0429,VIP Oro,Riesgo Medio,56,45,3039.814554,5,29,19543.4803
C0430,VIP Oro,Bajo Riesgo,101,49,346.1454281,2,19.5,400.6181284
C0431,Cliente Ocasional,Alto Riesgo,132,21,918.0677549,3,40.1,2348.85472
C0432,Cliente Ocasional,Alto Riesgo,111,46,6158.939943,4,3.8,7405.191853
C0433,VIP Oro,Alto Riesgo,125,44,22161.93214,2,17.3,34320.26036
C0434,VIP Oro,Riesgo Medio,132,21,269.5678242,2,15.1,3622.003287
C0435,Cliente Ocasional,Riesgo Medio,20,44,189.4434831,2,25.3,3856.989125
C0436,VIP Oro,Bajo Riesgo,138,11,17071.37239,4,27.7,3113.970627
C0437,Cliente Ocasional,Riesgo Medio,24,39,2885.741061,1,7.9,9537.225034
C0438,Cliente Ocasional,Bajo Riesgo,154,4,637.8152864,5,36.3,4792.818457
C0439,VIP Oro,Alto Riesgo,37,1,3434.253651,3,8.6,1583.516735
C0440,VIP Oro,Bajo Riesgo,54,28,76.48561724,1,50.5,10168.63092
C0441,Cliente Inactivo,Bajo Riesgo,103,24,1815.380938,3,45.4,1792.90092
C0442,Cliente Activo,Bajo Riesgo,149,35,2679.499782,5,15.5,513.7076185
C0443,Cliente Activo,Bajo Riesgo,38,13,5481.445746,4,14.7,515.5029389
C0444,Cliente Ocasional,Bajo Riesgo,174,47,535.5663886,2,11.4,2389.465641
C0445,Cliente Inactivo,Riesgo Medio,4,34,2003.847965,2,15.8,3338.729827
C0446,Cliente Inactivo,Alto Riesgo,57,11,595.5530376,4,44.9,8528.699785
C0447,Cliente Ocasional,Alto Riesgo,173,36,2456.420546,1,16.1,6032.386925
C0448,Cliente Activo,Bajo Riesgo,20,17,617.4415531,1,52.6,3254.637039
C0449,VIP Oro,Riesgo Medio,17,35,1107.963576,3,24.3,9069.401377
C0450,Cliente Ocasional,Bajo Riesgo,119,18,547.3133697,4,29.3,3023.020262
C0451,Cliente Activo,Riesgo Medio,71,40,3949.57592,1,63.9,720.8747203
C0452,Cliente Activo,Alto Riesgo,4,22,5065.161694,4,52.2,567.194595
C0453,Cliente Inactivo,Alto Riesgo,14,24,1364.379896,5,10.1,12167.89833
C0454,VIP Oro,Riesgo Medio,3,19,1892.93837,2,37.9,252.2062561
C0455,Cliente Activo,Riesgo Medio,80,37,317.8851972,2,25.9,2390.326577
C0456,VIP Platino,Alto Riesgo,55,39,1261.917947,2,9.2,79219.11052
C0457,Cliente Activo,Riesgo Medio,132,21,1702.332178,4,5.6,4940.178725
C0458,VIP Platino,Alto Riesgo,120,8,41980.1308,4,31.5,2369.899664
C0459,VIP Oro,Riesgo Medio,24,28,476.105548,3,10.1,467.3564659
C0460,VIP Oro,Riesgo Medio,162,5,10477.78611,2,33.5,17660.88569
C0461,Cliente Ocasional,Bajo Riesgo,158,17,5980.327003,3,33.7,11330.01477
C0462,Cliente Ocasional,Riesgo Medio,82,37,2531.99722,2,38.5,6331.399645
C0463,Cliente Ocasional,Riesgo Medio,147,36,14918.30977,3,37.4,2979.123157
C0464,Cliente Inactivo,Alto Riesgo,159,19,2825.742857,3,30.2,5592.677723
C0465,Cliente Activo,Alto Riesgo,60,27,2884.16594,5,33.2,2531.372274
C0466,Cliente Activo,Riesgo Medio,147,34,1696.385714,3,45.7,1021.89395
C0467,Cliente Inactivo,Riesgo Medio,49,11,7850.108709,4,32.5,8535.322539
C0468,Cliente Activo,Riesgo Medio,63,45,6739.648698,3,42.5,2819.389011
C0469,Cliente Inactivo,Riesgo Medio,110,47,853.3649125,2,34.4,5292.988828
C0470,VIP Platino,Riesgo Medio,150,12,371.260275,3,6.7,2609.109972
C0471,Cliente Inactivo,Bajo Riesgo,152,21,1417.178547,1,38.1,4954.251225
C0472,VIP Platino,Bajo Riesgo,109,11,692.2545416,2,23.4,2933.81234
C0473,Cliente Inactivo,Alto Riesgo,76,39,1675.338495,1,48.4,2692.418563
C0474,Cliente Activo,Riesgo Medio,30,28,7981.852143,2,25.6,3080.935474
C0475,Cliente Inactivo,Alto Riesgo,58,5,1044.441962,4,19.9,77416.61182
C0476,VIP Oro,Alto Riesgo,117,17,1717.477532,4,22.5,7205.844304
C0477,Cliente Activo,Bajo Riesgo,159,20,1938.417663,4,16.1,51259.88255
C0478,Cliente Inactivo,Alto Riesgo,100,41,5004.621471,1,23.3,2954.507782
C0479,Cliente Activo,Riesgo Medio,19,46,121.9648391,5,8.2,2121.834309
C0480,Cliente Ocasional,Riesgo Medio,176,12,873.0210312,2,48.3,914.5052748
C0481,Cliente Ocasional,Bajo Riesgo,173,6,2329.806348,4,39.9,17388.32558
C0482,Cliente Activo,Riesgo Medio,94,17,7631.920128,2,62.4,1101.355092
C0483,Cliente Ocasional,Alto Riesgo,113,19,1001.96371,1,40.4,21818.57245
C0484,Cliente Ocasional,Riesgo Medio,146,26,190.211527,5,1.9,974.7615102
C0485,Cliente Inactivo,Riesgo Medio,63,48,3803.41161,1,29.4,7905.593734
C0486,VIP Platino,Alto Riesgo,116,44,843.5044127,2,33.6,517.9567622
C0487,Cliente Activo,Riesgo Medio,113,44,433.7203663,5,6.2,1833.255685
C0488,Cliente Inactivo,Alto Riesgo,47,32,854.7299169,5,26.9,3054.251039
C0489,Cliente Inactivo,Alto Riesgo,57,6,1448.913973,1,9.5,1544.970172
C0490,Cliente Activo,Riesgo Medio,118,36,875.0722047,4,18,2474.369111
C0491,Cliente Ocasional,Alto Riesgo,45,38,128.1652865,2,45.7,2487.417702
C0492,Cliente Activo,Riesgo Medio,161,11,5305.394628,3,13.9,7241.813265
C0493,VIP Oro,Riesgo Medio,145,33,8348.607601,3,33.1,300.237261
C0494,Cliente Activo,Bajo Riesgo,4,24,3951.4046,1,3.5,1604.854375
C0495,Cliente Activo,Alto Riesgo,148,23,461.6362279,2,53.4,11850.19951
C0496,Cliente Ocasional,Alto Riesgo,47,15,1419.713201,2,28.6,5534.341764
C0497,VIP Oro,Alto Riesgo,143,27,1793.948655,1,19.3,12069.23448
C0498,Cliente Inactivo,Riesgo Medio,47,11,3709.132377,2,32.8,6868.275194
C0499,Cliente Inactivo,Bajo Riesgo,78,17,4031.962812,4,62.2,905.1796047
C0500,Cliente Ocasional,Alto Riesgo,124,14,749.1891149,1,16.6,6167.117872
C0501,Cliente Activo,Bajo Riesgo,75,27,1994.9907,4,11.6,3328.283818
C0502,Cliente Activo,Alto Riesgo,103,18,3129.837876,2,36.7,36129.5896
C0503,Cliente Ocasional,Riesgo Medio,137,28,10373.26173,1,17.2,7203.923166
C0504,Cliente Ocasional,Bajo Riesgo,90,47,4210.799644,2,19.8,5301.283014
C0505,VIP Oro,Bajo Riesgo,144,47,4660.453429,1,51.2,6225.236357
C0506,Cliente Inactivo,Bajo Riesgo,69,4,1999.379084,2,19,4992.689871
C0507,Cliente Ocasional,Bajo Riesgo,61,7,9823.678995,4,36,4846.350568
C0508,Cliente Inactivo,Riesgo Medio,138,45,2956.363826,4,41.2,2224.032556
C0509,Cliente Ocasional,Bajo Riesgo,50,35,643.353608,2,26.9,5372.34714
C0510,Cliente Ocasional,Alto Riesgo,3,48,9740.463319,1,1.4,8461.767442
C0511,Cliente Activo,Bajo Riesgo,107,9,4177.565448,3,42.4,9569.73579
C0512,Cliente Inactivo,Riesgo Medio,113,8,1062.465229,4,19.5,8375.185465
C0513,Cliente Inactivo,Bajo Riesgo,94,45,1016.995976,4,65.9,15660.07895
C0514,VIP Platino,Riesgo Medio,118,17,2580.892773,3,33.3,10251.52071
C0515,VIP Platino,Riesgo Medio,81,17,3152.092365,2,19.5,5951.32823
C0516,Cliente Activo,Riesgo Medio,109,49,2291.01612,1,1,847.230776
C0517,Cliente Ocasional,Bajo Riesgo,51,33,2626.92807,2,9.2,847.5966253
C0518,Cliente Inactivo,Alto Riesgo,147,32,13904.2364,5,43.3,2268.903959
C0519,VIP Oro,Alto Riesgo,170,8,6541.042155,4,17,3138.276537
C0520,Cliente Ocasional,Alto Riesgo,35,19,2272.788361,5,12.5,13874.41373
C0521,Cliente Activo,Alto Riesgo,46,38,5594.687115,4,12.2,140.0952328
C0522,Cliente Inactivo,Bajo Riesgo,154,3,523.7273978,4,37.1,956.6839738
C0523,Cliente Inactivo,Alto Riesgo,69,5,2914.671676,5,19.8,2407.530938
C0524,Cliente Ocasional,Bajo Riesgo,93,13,15853.84949,5,17,995.7105556
C0525,Cliente Activo,Riesgo Medio,64,47,1391.78855,2,12.3,1239.027315
C0526,Cliente Activo,Alto Riesgo,165,46,653.8247085,5,61.7,1721.449065
C0527,Cliente Activo,Bajo Riesgo,49,31,826.7425443,2,12.1,1053.203288
C0528,VIP Platino,Riesgo Medio,149,16,489.0380778,2,27.8,1274.530609
C0529,Cliente Inactivo,Riesgo Medio,74,32,705.0619775,2,49.4,13353.79402
C0530,Cliente Ocasional,Riesgo Medio,5,22,1159.089755,4,63.6,5859.093479
C0531,Cliente Inactivo,Bajo Riesgo,100,29,334.7284403,4,44.3,6907.324707
C0532,Cliente Inactivo,Alto Riesgo,70,22,1842.248289,5,8.7,2871.141506
C0533,Cliente Activo,Bajo Riesgo,90,43,5338.674118,4,37.7,9065.359079
C0534,Cliente Ocasional,Bajo Riesgo,4,3,608.3148442,5,50.3,7574.769113
C0535,Cliente Inactivo,Riesgo Medio,126,10,11194.08406,4,21.6,5758.266226
C0536,Cliente Inactivo,Alto Riesgo,39,42,3337.410568,1,28.1,1451.596899
C0537,Cliente Activo,Riesgo Medio,163,21,6227.291106,1,21.2,1833.091449
C0538,Cliente Activo,Alto Riesgo,129,16,821.061927,5,52.2,9546.626344
C0539,VIP Oro,Alto Riesgo,24,12,5041.355496,4,30.3,1688.49501
C0540,Cliente Inactivo,Riesgo Medio,57,2,487.6896886,4,58.6,722.43211
C0541,Cliente Ocasional,Riesgo Medio,100,41,5262.160701,2,5.1,1653.054583
C0542,Cliente Activo,Bajo Riesgo,70,24,2222.098298,3,6.1,16569.95261
C0543,Cliente Ocasional,Bajo Riesgo,41,35,3511.861311,5,50.4,1654.840104
C0544,Cliente Ocasional,Bajo Riesgo,174,30,441.1065575,3,11.3,4274.490834
C0545,Cliente Activo,Riesgo Medio,60,30,617.6464394,3,10.6,1514.352573
C0546,VIP Oro,Riesgo Medio,108,47,3702.167959,5,23.8,6903.391627
C0547,Cliente Ocasional,Riesgo Medio,57,35,579.393806,4,54.5,5380.19076
C0548,Cliente Activo,Bajo Riesgo,31,19,3152.173679,5,50.8,578.0710498
C0549,Cliente Ocasional,Alto Riesgo,84,8,350.5259119,3,6.3,4003.143417
C0550,Cliente Activo,Bajo Riesgo,152,26,5003.080267,4,20.4,468.3212181
C0551,Cliente Inactivo,Riesgo Medio,36,49,411.9788538,1,3.1,1620.557367
C0552,Cliente Activo,Riesgo Medio,158,40,3507.854673,5,14.3,2943.700351
C0553,Cliente Ocasional,Bajo Riesgo,152,7,3830.524892,5,19.2,22732.53659
C0554,Cliente Inactivo,Riesgo Medio,108,30,783.5805135,4,34.4,4228.927575
C0555,Cliente Activo,Bajo Riesgo,106,7,3635.245336,1,17,1282.036751
C0556,VIP Oro,Bajo Riesgo,158,3,2471.376881,1,40.4,2102.892143
C0557,VIP Platino,Riesgo Medio,86,1,947.0858773,4,36.9,8238.853311
C0558,Cliente Ocasional,Riesgo Medio,135,36,539.0101377,2,21.1,1301.316176
C0559,Cliente Ocasional,Riesgo Medio,163,25,171.5456085,5,31.8,9963.426802
C0560,Cliente Ocasional,Bajo Riesgo,14,37,2750.615701,5,57.7,1676.801845
C0561,Cliente Activo,Alto Riesgo,120,1,276.5071486,3,15.5,1089.145724
C0562,VIP Oro,Riesgo Medio,138,15,2027.20452,4,29.4,1736.968694
C0563,VIP Platino,Riesgo Medio,80,37,1317.988699,3,39.7,503.7535475
C0564,Cliente Activo,Bajo Riesgo,144,13,4084.568333,3,33.3,273.1893981
C0565,Cliente Ocasional,Alto Riesgo,106,40,1258.335885,1,35.6,2722.241965
C0566,Cliente Activo,Bajo Riesgo,70,8,1217.631255,5,18.8,2768.254715
C0567,Cliente Activo,Bajo Riesgo,44,5,4351.364901,3,21,3952.517367
C0568,Cliente Inactivo,Alto Riesgo,73,9,2702.870499,1,37.1,2707.493009
C0569,Cliente Activo,Alto Riesgo,45,1,2642.252755,4,60.6,38645.22248
C0570,Cliente Activo,Bajo Riesgo,107,36,3175.184779,3,14.6,3587.641413
C0571,Cliente Ocasional,Alto Riesgo,84,35,286.3782393,5,37,655.8229494
C0572,Cliente Activo,Bajo Riesgo,82,2,4483.442368,3,13.3,869.6524584
C0573,Cliente Ocasional,Riesgo Medio,107,40,3770.4987,4,52.1,2981.957182
C0574,Cliente Inactivo,Alto Riesgo,21,23,533.7781193,3,43.2,1846.469508
C0575,Cliente Inactivo,Bajo Riesgo,178,9,1348.979192,5,45.7,771.7588364
C0576,VIP Oro,Riesgo Medio,161,34,1724.739416,1,11.9,2794.104971
C0577,Cliente Inactivo,Riesgo Medio,7,46,1538.562563,5,57.7,2839.415067
C0578,Cliente Activo,Riesgo Medio,70,14,2698.987441,1,6.4,17244.75135
C0579,Cliente Activo,Riesgo Medio,127,4,10073.26474,2,11.8,1088.222948
C0580,Cliente Activo,Alto Riesgo,143,30,6621.783829,5,8.1,1882.770071
C0581,Cliente Inactivo,Riesgo Medio,160,31,374.4045764,5,41,17186.4752
C0582,Cliente Activo,Bajo Riesgo,148,38,3814.191476,4,20.2,4278.87254
C0583,Cliente Activo,Riesgo Medio,143,11,8908.133221,3,25.9,1081.224852
C0584,Cliente Ocasional,Riesgo Medio,176,35,2876.04172,1,24.6,1358.035701
C0585,Cliente Activo,Riesgo Medio,149,8,6695.4034,1,13.2,784.0128178
C0586,VIP Oro,Bajo Riesgo,170,3,20226.00709,4,16.1,3245.41948
C0587,VIP Oro,Alto Riesgo,154,14,6176.156648,4,35.2,9267.56532
C0588,VIP Oro,Bajo Riesgo,120,13,2438.577886,3,35.5,17925.71231
C0589,VIP Oro,Riesgo Medio,128,45,6336.654133,3,6.2,581.1971895
C0590,VIP Oro,Alto Riesgo,142,32,2151.381343,5,77.7,7754.502805
C0591,Cliente Ocasional,Alto Riesgo,57,34,1860.654622,2,66.6,3571.511154
C0592,VIP Oro,Alto Riesgo,165,45,1185.954147,3,11.2,2234.732021
C0593,Cliente Activo,Riesgo Medio,58,19,11802.84674,4,23.5,1883.577468
C0594,Cliente Inactivo,Riesgo Medio,21,38,677.1451156,3,5.7,360.3136782
C0595,Cliente Activo,Bajo Riesgo,82,16,11371.22442,1,4.7,6013.718121
C0596,Cliente Ocasional,Riesgo Medio,69,2,3293.930951,2,51.9,698.7252103
C0597,VIP Oro,Alto Riesgo,131,40,337.2527301,5,19.2,1308.955282
C0598,VIP Oro,Riesgo Medio,87,17,2810.672764,1,48.6,4721.033885
C0599,VIP Platino,Bajo Riesgo,165,34,145.4697543,1,24.2,404.1155583
C0600,VIP Oro,Alto Riesgo,49,42,3829.959931,2,11.5,697.2378933
C0601,Cliente Activo,Alto Riesgo,147,16,5230.581726,5,14.9,11390.43133
C0602,VIP Oro,Alto Riesgo,115,38,888.1786038,4,21.3,3409.308513
C0603,VIP Oro,Bajo Riesgo,89,2,2096.987846,5,33.6,1438.819833
C0604,VIP Oro,Riesgo Medio,85,2,18863.59061,3,21.2,3424.106257
C0605,Cliente Activo,Riesgo Medio,128,26,985.4554843,1,32,6225.592959
C0606,VIP Oro,Bajo Riesgo,140,13,507.4057075,3,17.4,10272.69497
C0607,Cliente Activo,Bajo Riesgo,169,47,10699.96857,4,19.1,876.8371691
C0608,Cliente Activo,Riesgo Medio,161,31,19055.37758,3,7.8,965.5308182
C0609,Cliente Ocasional,Bajo Riesgo,178,34,1816.078538,5,13.5,5820.710594
C0610,VIP Platino,Alto Riesgo,117,39,6086.056673,3,52.7,6029.707767
C0611,Cliente Ocasional,Alto Riesgo,127,3,9043.224648,4,22.9,679.6881704
C0612,Cliente Ocasional,Riesgo Medio,71,8,741.7549414,4,22.5,1006.222256
C0613,VIP Oro,Alto Riesgo,86,23,1009.926664,4,49.6,2408.785528
C0614,Cliente Inactivo,Riesgo Medio,33,14,7919.231251,5,58,3059.276928
C0615,Cliente Inactivo,Bajo Riesgo,81,27,13657.13172,4,4.5,3156.196256
C0616,VIP Oro,Alto Riesgo,152,29,3552.678241,1,20.1,668.3044363
C0617,Cliente Activo,Alto Riesgo,61,39,629.0575681,4,22.4,3121.31775
C0618,Cliente Ocasional,Riesgo Medio,61,39,19623.30823,3,26.2,1354.099905
C0619,Cliente Ocasional,Bajo Riesgo,98,1,956.073624,3,14.3,826.3766074
C0620,VIP Oro,Riesgo Medio,28,17,1209.345596,3,3.6,2945.118541
C0621,VIP Oro,Riesgo Medio,43,41,2726.585578,5,27.1,2632.546762
C0622,Cliente Activo,Alto Riesgo,169,30,11672.51842,3,29,7200.189053
C0623,Cliente Activo,Alto Riesgo,167,13,5038.03383,5,18.8,1156.247118
C0624,Cliente Ocasional,Bajo Riesgo,86,21,2974.521904,5,13.2,3861.023106
C0625,Cliente Activo,Bajo Riesgo,177,19,3152.484768,4,42,530.8382138
C0626,Cliente Activo,Alto Riesgo,17,19,1904.9625,1,29.5,2203.183756
C0627,Cliente Ocasional,Bajo Riesgo,98,25,3532.522265,4,20.9,4964.389551
C0628,VIP Platino,Riesgo Medio,98,22,86.88000439,4,18,5447.016736
C0629,Cliente Activo,Bajo Riesgo,65,31,1266.574193,5,4.4,5487.989058
C0630,Cliente Ocasional,Riesgo Medio,74,17,2415.318211,5,39.1,7221.466857
C0631,Cliente Inactivo,Riesgo Medio,85,23,454.3115062,3,12.1,1825.540128
C0632,Cliente Activo,Riesgo Medio,5,32,2874.36765,3,20.6,5142.517283
C0633,Cliente Activo,Riesgo Medio,2,10,1414.645905,4,21.3,23286.27101
C0634,VIP Oro,Alto Riesgo,22,10,14862.11799,2,22.7,1783.180926
C0635,Cliente Activo,Alto Riesgo,112,36,11939.69295,2,17.7,13605.34239
C0636,Cliente Activo,Riesgo Medio,57,8,1033.837946,3,35,7817.501265
C0637,Cliente Activo,Bajo Riesgo,66,20,1508.686594,2,35,2223.95901
C0638,Cliente Activo,Alto Riesgo,74,32,1654.51455,3,5.8,2437.765082
C0639,Cliente Activo,Riesgo Medio,98,14,1051.537469,5,5.7,3395.623229
C0640,VIP Platino,Bajo Riesgo,144,28,2284.791338,4,26.4,7347.98565
C0641,Cliente Activo,Alto Riesgo,112,46,727.8256424,1,13.2,4641.988431
C0642,Cliente Activo,Riesgo Medio,179,24,465.5695981,4,12.1,1767.82038
C0643,Cliente Activo,Riesgo Medio,125,15,3817.127551,3,52.2,301.7931045
C0644,VIP Oro,Bajo Riesgo,167,22,3848.487531,3,28.1,6244.094118
C0645,Cliente Inactivo,Alto Riesgo,86,30,688.710555,4,38.6,355.7586325
C0646,Cliente Ocasional,Riesgo Medio,76,4,5294.514253,3,45.4,663.4293202
C0647,Cliente Ocasional,Bajo Riesgo,88,13,847.3439775,2,38.3,1914.62122
C0648,Cliente Ocasional,Bajo Riesgo,168,23,2449.889709,2,35.3,784.081948
C0649,Cliente Activo,Riesgo Medio,38,8,4838.755387,3,9.5,4227.14148
C0650,VIP Oro,Riesgo Medio,59,18,1736.566075,3,12.2,2152.086209
C0651,Cliente Activo,Riesgo Medio,138,12,3120.314555,2,18.4,7070.977987
C0652,Cliente Ocasional,Bajo Riesgo,99,31,972.9030407,3,4.2,508.5231362
C0653,Cliente Ocasional,Riesgo Medio,63,14,1428.29985,3,19.7,1439.300502
C0654,Cliente Activo,Alto Riesgo,49,34,1412.291276,4,32.3,2994.759824
C0655,VIP Oro,Bajo Riesgo,32,18,738.1196835,1,21.1,3124.410622
C0656,Cliente Activo,Riesgo Medio,135,34,1462.453823,2,57,6396.076574
C0657,Cliente Activo,Riesgo Medio,21,11,281.9297824,4,28.1,1090.021349
C0658,Cliente Ocasional,Alto Riesgo,20,41,1002.864319,1,7.5,1781.460276
C0659,Cliente Ocasional,Riesgo Medio,154,12,1284.531588,3,80.9,5208.695018
C0660,Cliente Activo,Riesgo Medio,127,49,1329.534682,3,3.4,265.491596
C0661,Cliente Inactivo,Riesgo Medio,68,15,1353.16702,4,6.4,4552.486185
C0662,Cliente Ocasional,Alto Riesgo,110,31,1678.881304,3,34.2,6907.364756
C0663,Cliente Activo,Riesgo Medio,116,49,3214.187303,5,40.7,687.4390734
C0664,VIP Oro,Bajo Riesgo,143,29,5163.761103,4,11.4,2107.957518
C0665,VIP Oro,Alto Riesgo,120,26,829.0510453,1,25.7,15396.96665
C0666,Cliente Activo,Bajo Riesgo,79,18,426.7331914,4,49,6159.871079
C0667,VIP Oro,Riesgo Medio,116,32,517.7780654,2,13.4,4873.996423
C0668,VIP Oro,Bajo Riesgo,92,22,1007.630178,4,30.6,8866.675893
C0669,Cliente Activo,Bajo Riesgo,14,38,1185.232715,3,16.9,21698.5264
C0670,VIP Oro,Riesgo Medio,155,17,717.6663163,3,13.3,3042.355947
C0671,Cliente Inactivo,Bajo Riesgo,125,23,381.7095591,5,22.5,1904.723429
C0672,VIP Oro,Bajo Riesgo,168,24,1045.922978,5,40.8,8843.095394
C0673,Cliente Activo,Riesgo Medio,58,8,2247.810576,5,8,2425.520818
C0674,Cliente Activo,Riesgo Medio,28,41,3692.412653,1,30.2,1074.036733
C0675,Cliente Inactivo,Riesgo Medio,26,6,926.2019841,5,41.3,1645.709902
C0676,VIP Oro,Bajo Riesgo,113,5,1101.471854,1,27.2,4203.036588
C0677,Cliente Activo,Bajo Riesgo,66,44,594.643478,5,38.1,1817.913361
C0678,Cliente Inactivo,Bajo Riesgo,153,29,1741.101078,1,25.7,1973.427638
C0679,Cliente Inactivo,Riesgo Medio,131,28,653.2014879,4,50.1,962.9029269
C0680,Cliente Ocasional,Bajo Riesgo,44,11,3596.632881,4,20.4,14456.55419
C0681,Cliente Activo,Alto Riesgo,97,1,212.079289,3,47.8,2044.913171
C0682,VIP Oro,Riesgo Medio,42,43,1174.319833,1,37.7,1362.856212
C0683,Cliente Ocasional,Alto Riesgo,6,19,2594.966295,2,44,1532.054483
C0684,Cliente Inactivo,Riesgo Medio,167,9,2254.314962,3,3.5,7206.787523
C0685,Cliente Activo,Riesgo Medio,23,27,45781.73067,4,11.3,5599.980734
C0686,Cliente Ocasional,Riesgo Medio,89,34,2751.110781,1,28.4,1716.357901
C0687,Cliente Activo,Riesgo Medio,123,44,541.9287221,5,8.1,3088.819759
C0688,Cliente Ocasional,Riesgo Medio,178,4,1612.341749,2,36.6,4041.514861
C0689,VIP Oro,Riesgo Medio,171,36,214.541759,4,38.9,1374.040898
C0690,Cliente Activo,Alto Riesgo,147,18,1641.359763,3,27.1,547.4739791
C0691,Cliente Activo,Riesgo Medio,51,15,665.3629835,1,21.2,5252.929297
C0692,Cliente Activo,Alto Riesgo,11,13,5423.346453,2,13,1460.293059
C0693,Cliente Activo,Alto Riesgo,12,19,935.004807,1,19.1,4838.612018
C0694,VIP Oro,Riesgo Medio,74,49,1571.64937,5,6.5,4243.439009
C0695,Cliente Ocasional,Riesgo Medio,8,6,843.3065978,3,30.3,3169.634408
C0696,Cliente Activo,Riesgo Medio,152,48,14568.56817,1,10.9,1865.45475
C0697,Cliente Ocasional,Riesgo Medio,41,12,1229.679298,4,18.1,1484.270901
C0698,VIP Oro,Riesgo Medio,164,37,16302.41364,3,8.2,852.1314973
C0699,Cliente Activo,Bajo Riesgo,85,17,4802.933301,4,20.1,1515.919175
C0700,Cliente Activo,Riesgo Medio,72,23,3224.328765,1,57.8,5573.043052
C0701,VIP Platino,Riesgo Medio,55,26,2814.330774,3,2.1,13871.73113
C0702,Cliente Activo,Alto Riesgo,137,29,2900.263163,4,5.4,11804.18344
C0703,VIP Oro,Riesgo Medio,47,33,178.8939022,5,26.7,3498.065281
C0704,VIP Oro,Riesgo Medio,143,27,1293.801324,5,9.3,13863.62062
C0705,Cliente Inactivo,Riesgo Medio,176,25,4985.004402,1,37.7,2127.069754
C0706,Cliente Activo,Riesgo Medio,104,10,1705.005098,3,29.8,720.4302833
C0707,Cliente Ocasional,Riesgo Medio,42,47,334.8799749,2,39.9,24660.59393
C0708,Cliente Activo,Riesgo Medio,60,23,1697.844288,3,31.7,5356.623519
C0709,Cliente Ocasional,Bajo Riesgo,12,21,13973.62104,5,15.6,551.0944303
C0710,Cliente Ocasional,Bajo Riesgo,130,21,8072.916197,4,7,16563.44498
C0711,Cliente Ocasional,Bajo Riesgo,7,43,1678.39824,2,39.9,1315.84624
C0712,Cliente Activo,Bajo Riesgo,80,13,5663.170268,1,39.2,1671.588275
C0713,Cliente Activo,Alto Riesgo,131,37,1164.668266,2,13.7,9168.431035
C0714,Cliente Activo,Alto Riesgo,109,33,234.0077176,1,36.9,13331.40521
C0715,Cliente Inactivo,Alto Riesgo,3,24,596.2385354,2,42.8,991.4683922
C0716,Cliente Ocasional,Riesgo Medio,27,44,11795.41909,1,37.6,15034.30454
C0717,Cliente Inactivo,Bajo Riesgo,114,11,1301.416157,1,32.7,7798.295601
C0718,VIP Oro,Alto Riesgo,107,17,1350.107131,2,24.7,1236.79212
C0719,Cliente Ocasional,Bajo Riesgo,40,4,1261.673337,2,53.8,2274.471756
C0720,Cliente Inactivo,Alto Riesgo,161,47,17764.61626,1,37.5,15799.75142
C0721,VIP Oro,Bajo Riesgo,129,25,12722.79695,5,31.8,535.5971203
C0722,VIP Oro,Riesgo Medio,8,30,25913.93879,2,46.5,13613.07237
C0723,Cliente Ocasional,Alto Riesgo,101,9,1493.900476,3,45.9,7563.186239
C0724,Cliente Ocasional,Riesgo Medio,160,21,2577.948964,4,14.6,5218.967365
C0725,Cliente Inactivo,Riesgo Medio,124,20,292.9579082,1,36,3445.641085
C0726,VIP Oro,Riesgo Medio,176,19,10639.42065,1,52.7,26033.82103
C0727,Cliente Ocasional,Riesgo Medio,107,19,445.2627416,4,46.8,30629.41071
C0728,VIP Oro,Bajo Riesgo,101,12,2345.211049,5,28.2,1515.115988
C0729,VIP Oro,Riesgo Medio,4,37,484.5579184,4,35.8,5845.487447
C0730,VIP Oro,Riesgo Medio,110,42,891.9051634,2,12.9,23430.97507
C0731,Cliente Ocasional,Riesgo Medio,19,17,662.0129269,4,12,1256.959465
C0732,Cliente Ocasional,Bajo Riesgo,32,37,871.7909746,1,59,3895.017814
C0733,Cliente Activo,Riesgo Medio,137,48,946.7667476,4,11.8,8993.550484
C0734,Cliente Activo,Riesgo Medio,12,39,936.4325035,3,51,324.9324305
C0735,Cliente Inactivo,Alto Riesgo,139,28,4914.772252,2,12.7,7416.116019
C0736,Cliente Activo,Alto Riesgo,46,41,480.1817357,4,33.2,900.2970588
C0737,Cliente Ocasional,Riesgo Medio,119,35,2355.833125,1,48.9,3683.30049
C0738,Cliente Activo,Alto Riesgo,16,47,7797.441786,2,40.7,10496.31305
C0739,Cliente Activo,Riesgo Medio,129,48,976.6851739,1,26.7,215.271761
C0740,Cliente Activo,Bajo Riesgo,63,18,763.9461719,5,48.4,7075.863585
C0741,Cliente Activo,Alto Riesgo,109,14,1371.102514,3,40,28061.72657
C0742,Cliente Ocasional,Riesgo Medio,119,35,7447.772326,5,14.6,1658.002594
C0743,Cliente Activo,Riesgo Medio,21,44,2282.277569,3,55.2,5621.530077
C0744,Cliente Activo,Bajo Riesgo,158,41,955.7944185,4,49.2,12949.53247
C0745,Cliente Inactivo,Riesgo Medio,13,7,3231.339323,2,10.6,516.8540056
C0746,Cliente Activo,Bajo Riesgo,162,41,481.6652738,4,43,6857.558368
C0747,Cliente Activo,Riesgo Medio,4,13,4095.448084,3,24.9,9192.496715
C0748,Cliente Inactivo,Alto Riesgo,156,18,2952.267415,3,41.7,6017.831407
C0749,Cliente Ocasional,Riesgo Medio,102,37,1249.663801,3,46.8,3278.971094
C0750,VIP Oro,Bajo Riesgo,59,13,660.9624576,1,3.1,991.8242656
C0751,Cliente Inactivo,Riesgo Medio,128,36,623.8955043,2,5.9,13774.38089
C0752,Cliente Ocasional,Bajo Riesgo,27,31,3435.029538,4,4.8,3096.271491
C0753,Cliente Activo,Bajo Riesgo,69,2,7901.252759,4,14.6,1102.936609
C0754,VIP Oro,Alto Riesgo,25,16,841.5376074,5,55.1,2101.006063
C0755,Cliente Ocasional,Alto Riesgo,131,9,3133.995679,3,8.7,4470.359192
C0756,Cliente Ocasional,Riesgo Medio,97,9,147.756785,3,34.2,535.2299927
C0757,Cliente Activo,Riesgo Medio,25,38,896.4645263,3,70,3040.336223
C0758,Cliente Inactivo,Bajo Riesgo,148,11,1741.895698,4,13,1884.532505
C0759,Cliente Ocasional,Bajo Riesgo,162,22,606.9096296,5,25.6,12960.07983
C0760,VIP Oro,Riesgo Medio,154,33,587.6857406,1,35.5,379.0318896
C0761,Cliente Activo,Alto Riesgo,126,36,811.3216075,2,13.1,8371.877127
C0762,Cliente Activo,Bajo Riesgo,133,45,2567.35451,1,65.9,14168.89444
C0763,Cliente Ocasional,Riesgo Medio,9,23,1444.047448,4,44.7,395.1251298
C0764,VIP Platino,Bajo Riesgo,116,45,123.2386254,3,20.1,450.8340292
C0765,Cliente Ocasional,Riesgo Medio,178,45,141.9052834,2,57.7,21258.0314
C0766,Cliente Ocasional,Riesgo Medio,134,34,872.8483126,4,24.5,1102.340303
C0767,Cliente Inactivo,Alto Riesgo,60,9,3131.363787,4,17.2,89707.71314
C0768,Cliente Activo,Riesgo Medio,172,24,66.88630173,4,10.9,408.9430732
C0769,Cliente Ocasional,Riesgo Medio,121,8,992.5960549,2,15.3,3594.111697
C0770,VIP Oro,Riesgo Medio,139,7,961.5076989,2,20.5,2905.227237
C0771,Cliente Inactivo,Alto Riesgo,175,36,9566.333951,5,21.1,2370.804566
C0772,VIP Oro,Bajo Riesgo,108,18,1139.077298,5,17.3,4960.484006
C0773,Cliente Activo,Bajo Riesgo,108,3,2862.88971,1,15.3,5285.439566
C0774,Cliente Ocasional,Alto Riesgo,131,28,2142.028525,2,27,2478.912213
C0775,VIP Oro,Alto Riesgo,76,6,140.2350894,2,44.2,976.9238065
C0776,Cliente Activo,Alto Riesgo,30,44,4545.298404,2,31.3,9438.34948
C0777,Cliente Ocasional,Riesgo Medio,21,44,2341.333239,5,22.3,5948.283261
C0778,Cliente Ocasional,Riesgo Medio,156,21,3327.319712,4,21.5,3381.389706
C0779,Cliente Ocasional,Riesgo Medio,161,28,201085.4554,3,56.5,5744.534906
C0780,Cliente Ocasional,Alto Riesgo,163,40,148.2743795,5,12.7,6945.405183
C0781,Cliente Activo,Riesgo Medio,34,1,14323.20144,2,54.7,1289.609518
C0782,Cliente Activo,Riesgo Medio,41,36,1280.573082,5,35.5,5523.397344
C0783,Cliente Activo,Riesgo Medio,51,21,2552.413562,1,29.2,1622.398197
C0784,VIP Oro,Bajo Riesgo,175,43,1711.944787,2,11.1,7202.883365
C0785,Cliente Inactivo,Alto Riesgo,82,35,1086.716887,1,52.7,2412.359167
C0786,Cliente Ocasional,Riesgo Medio,58,13,912.5113157,2,23.2,5842.368339
C0787,Cliente Activo,Riesgo Medio,75,49,2684.931468,5,28.7,1849.785879
C0788,Cliente Activo,Riesgo Medio,23,10,292.7712432,4,36.7,6186.177703
C0789,Cliente Inactivo,Bajo Riesgo,176,44,4450.158538,3,22.8,1015.720862
C0790,VIP Oro,Riesgo Medio,128,47,1097.254812,1,33.3,3101.948582
C0791,Cliente Ocasional,Bajo Riesgo,150,10,465.8747369,5,29.2,8766.524973
C0792,Cliente Activo,Alto Riesgo,17,46,1053.6173,4,23.6,4983.686329
C0793,Cliente Ocasional,Alto Riesgo,69,13,8172.899822,5,47.9,3682.074543
C0794,VIP Platino,Bajo Riesgo,108,37,951.0797286,1,28,21675.05791
C0795,Cliente Inactivo,Riesgo Medio,139,38,2779.828021,3,24.1,9191.188711
C0796,Cliente Inactivo,Riesgo Medio,94,24,752.0873463,5,2.3,7639.549727
C0797,Cliente Ocasional,Alto Riesgo,15,2,4489.543117,2,48.7,6147.683092
C0798,Cliente Ocasional,Alto Riesgo,91,22,4115.885534,4,14.9,7051.294948
C0799,Cliente Inactivo,Bajo Riesgo,163,17,16619.477,5,57.1,18449.86277
