customer_id,customer_level,risk_segment,recency,frequency,monetary,rfm_score,churn_probability,lifetime_value,churn_risk_pct,Estrategia,Urgencia,RetornoHipotetico,InversionHipotetica
C0026,VIP Oro,Riesgo Medio,172,36,2226.107887,3,48.1,5543.099742,48.1,Seguimiento CSM,Baja,997.7579535,277.1549871
C0029,VIP Platino,Riesgo Medio,35,39,10805.77645,5,75.7,2038.397705,75.7,Llamada Ejecutiva,Alta,366.9115869,101.9198852
C0056,VIP Oro,Alto Riesgo,115,26,1231.739864,3,45.6,4213.442557,45.6,Seguimiento CSM,Baja,758.4196603,210.6721279
C0058,VIP Platino,Riesgo Medio,118,23,663.698857,2,45.7,1528.465308,45.7,Seguimiento CSM,Baja,275.1237554,76.42326539
C0068,VIP Oro,Bajo Riesgo,32,20,127.2006431,3,45.9,2362.729084,45.9,Seguimiento CSM,Baja,425.291235,118.1364542
C0071,VIP Oro,Riesgo Medio,38,14,1312.930847,4,50.4,4362.179071,50.4,Seguimiento CSM,Baja,785.1922328,218.1089536
C0181,VIP Oro,Bajo Riesgo,4,45,9719.780467,5,48.6,4212.621693,48.6,Seguimiento CSM,Baja,758.2719047,210.6310847
C0311,VIP Oro,Alto Riesgo,10,31,1678.021634,2,62.1,1234.964504,62.1,Email + Descuento,Media,222.2936107,61.7482252
C0372,VIP Oro,Riesgo Medio,95,12,1863.974108,4,48.9,3931.403303,48.9,Seguimiento CSM,Baja,707.6525945,196.5701651
C0440,VIP Oro,Bajo Riesgo,54,28,76.48561724,1,50.5,10168.63092,50.5,Seguimiento CSM,Baja,1830.353566,508.431546
C0505,VIP Oro,Bajo Riesgo,144,47,4660.453429,1,51.2,6225.236357,51.2,Seguimiento CSM,Baja,1120.542544,311.2618179
C0590,VIP Oro,Alto Riesgo,142,32,2151.381343,5,77.7,7754.502805,77.7,Llamada Ejecutiva,Alta,1395.810505,387.7251402
C0598,VIP Oro,Riesgo Medio,87,17,2810.672764,1,48.6,4721.033885,48.6,Seguimiento CSM,Baja,849.7860993,236.0516942
C0610,VIP Platino,Alto Riesgo,117,39,6086.056673,3,52.7,6029.707767,52.7,Email + Descuento,Media,1085.347398,301.4853883
C0613,VIP Oro,Alto Riesgo,86,23,1009.926664,4,49.6,2408.785528,49.6,Seguimiento CSM,Baja,433.581395,120.4392764
C0722,VIP Oro,Riesgo Medio,8,30,25913.93879,2,46.5,13613.07237,46.5,Seguimiento CSM,Baja,2450.353026,680.6536183
C0726,VIP Oro,Riesgo Medio,176,19,10639.42065,1,52.7,26033.82103,52.7,Email + Descuento,Media,4686.087786,1301.691052
C0754,VIP Oro,Alto Riesgo,25,16,841.5376074,5,55.1,2101.006063,55.1,Email + Descuento,Media,378.1810913,105.0503031
